year;ID_Lp;AB_Oc
2000;NA;45
2000;NA;4
2000;NA;37
2000;NA;22
2000;NA;15
2000;7;5
2000;7;224
2000;74;26
2000;NA;18
2000;NA;18
2000;NA;6
2000;NA;11
2000;NA;43
2000;7;0
2000;7;30
2000;74;25
2000;74;46
2000;74;76
2000;74;22
2000;74;18
2000;74;111
2000;74;243
2000;NA;8
2000;NA;26
2000;NA;22
2000;NA;48
2000;NA;105
2000;NA;17
2000;NA;16
2000;NA;24
2000;NA;11
2000;NA;18
2000;NA;45
2000;NA;16
2000;NA;46
2000;NA;11
2000;NA;5
2000;NA;16
2000;NA;58
2000;NA;84
2000;NA;8
2000;NA;13
2000;NA;38
2000;NA;3
2000;NA;10
2000;NA;2
2000;NA;4
2000;NA;5
2000;NA;1
2000;NA;21
2000;NA;15
2000;NA;31
2000;NA;20
2000;NA;12
2000;NA;6
2000;NA;9
2000;74;7
2000;74;13
2000;NA;14
2000;NA;11
2000;74;10
2000;NA;42
2000;NA;30
2000;NA;28
2000;NA;17
2000;NA;7
2000;NA;0
2000;NA;20
2000;NA;21
2000;NA;28
2000;NA;0
2000;NA;15
2000;NA;0
2000;NA;6
2000;74;8
2000;74;34
2000;74;6
2000;74;20
2000;74;61
2000;74;18
2000;74;5
2000;NA;2
2000;NA;35
2000;NA;25
2000;NA;1
2000;74;10
2000;74;47
2000;74;11
2000;74;1
2000;74;11
2000;NA;12
2000;74;48
2000;NA;12
2000;NA;4
2000;74;27
2000;7;68
2000;NA;28
2000;74;94
2000;74;57
2000;74;101
2000;74;10
2000;74;56
2000;74;3
2000;NA;27
2000;NA;2
2000;NA;0
2000;NA;2
2000;NA;10
2000;NA;3
2000;NA;22
2000;NA;15
2000;74;11
2000;74;18
2000;74;8
2000;74;31
2000;NA;4
2000;NA;25
2000;NA;54
2000;NA;14
2000;NA;79
2000;NA;11
2000;NA;41
2000;NA;19
2000;NA;39
2000;NA;7
2000;NA;15
2000;202;15
2000;202;42
2000;202;49
2000;202;16
2000;202;8
2000;202;11
2000;202;1
2000;NA;23
2000;NA;3
2000;NA;0
2000;NA;14
2000;202;113
2000;202;8
2000;18;77
2000;18;10
2000;NA;7
2000;NA;3
2000;NA;3
2000;NA;32
2000;NA;0
2000;NA;0
2000;NA;1
2000;NA;15
2000;NA;4
2000;NA;8
2000;NA;51
2000;NA;3
2000;NA;7
2000;74;40
2000;NA;11
2000;NA;10
2000;NA;33
2000;27;1
2000;NA;296
2000;NA;70
2000;NA;253
2000;NA;7
2000;NA;24
2000;NA;150
2000;NA;1
2000;NA;1
2000;NA;7
2000;NA;536
2000;27;45
2000;27;50
2000;NA;7
2000;NA;20
2000;NA;10
2000;7;14
2000;7;18
2000;74;14
2000;74;119
2000;74;6
2000;74;2
2000;74;97
2000;7;1
2000;7;27
2000;7;18
2000;NA;8
2000;NA;2
2000;NA;16
2000;NA;0
2000;NA;1
2000;NA;49
2000;NA;9
2000;NA;18
2000;NA;4
2000;NA;11
2000;NA;8
2000;NA;1
2000;NA;0
2000;NA;27
2000;NA;1
2000;74;12
2000;74;6
2000;74;13
2000;74;12
2000;NA;4
2000;NA;18
2000;NA;15
2000;NA;79
2000;52;426
2000;7;16
2000;NA;27
2000;NA;18
2000;NA;5
2000;NA;21
2000;74;19
2000;74;40
2000;74;26
2000;74;15
2000;NA;22
2000;NA;14
2000;NA;3
2000;NA;2
2000;NA;12
2000;NA;19
2000;NA;38
2000;NA;39
2000;NA;35
2000;NA;135
2000;NA;55
2000;NA;8
2000;NA;27
2000;NA;1
2000;NA;85
2000;NA;16
2000;NA;34
2000;NA;68
2000;NA;49
2000;NA;11
2000;NA;60
2000;NA;22
2000;NA;38
2000;NA;13
2000;NA;1
2000;NA;0
2000;NA;20
2000;NA;9
2000;NA;56
2000;NA;38
2000;NA;23
2000;NA;26
2000;NA;44
2000;NA;29
2000;NA;16
2000;NA;30
2000;NA;25
2000;NA;26
2000;NA;6
2000;NA;183
2000;NA;39
2000;NA;83
2000;NA;55
2000;NA;343
2000;NA;67
2000;NA;32
2000;NA;79
2000;NA;18
2000;NA;101
2000;NA;129
2000;NA;0
2000;NA;119
2000;NA;46
2000;NA;36
2000;NA;52
2000;NA;35
2000;NA;32
2000;NA;30
2000;NA;36
2000;NA;18
2000;NA;1
2000;NA;100
2000;NA;9
2000;NA;13
2000;NA;107
2000;NA;15
2000;NA;33
2000;NA;38
2000;NA;36
2000;NA;63
2000;NA;84
2000;NA;53
2000;NA;11
2000;NA;61
2000;NA;60
2000;NA;95
2000;NA;12
2000;NA;19
2000;NA;28
2000;NA;113
2000;NA;25
2000;NA;226
2000;NA;29
2000;NA;15
2000;NA;16
2000;NA;128
2000;NA;11
2000;NA;31
2000;NA;91
2000;NA;43
2000;NA;4
2000;NA;48
2000;NA;28
2000;NA;9
2000;NA;36
2000;NA;29
2000;NA;41
2000;NA;57
2000;NA;28
2000;NA;194
2000;NA;82
2000;NA;32
2000;NA;144
2000;NA;20
2000;NA;11
2000;NA;98
2000;NA;33
2000;NA;2
2000;NA;21
2000;NA;1
2000;NA;42
2000;NA;32
2000;NA;53
2000;NA;28
2000;NA;55
2000;NA;71
2000;NA;31
2000;NA;43
2000;NA;13
2000;NA;11
2000;NA;3
2000;NA;3
2000;NA;16
2000;NA;21
2000;NA;27
2000;NA;7
2000;NA;24
2000;NA;28
2000;NA;7
2000;NA;5
2000;NA;4
2000;NA;3
2000;NA;5
2000;NA;2
2000;NA;3
2000;NA;15
2000;NA;2
2000;NA;17
2000;NA;19
2000;NA;0
2000;NA;27
2000;NA;4
2000;NA;6
2000;NA;6
2000;NA;18
2000;NA;23
2000;NA;44
2000;NA;7
2000;NA;13
2000;NA;0
2000;NA;4
2000;NA;2
2000;NA;8
2000;NA;8
2000;NA;16
2000;NA;7
2000;NA;10
2000;NA;5
2000;NA;46
2000;NA;5
2000;NA;19
2000;NA;25
2000;NA;25
2000;NA;9
2000;NA;7
2000;NA;11
2000;NA;16
2000;NA;24
2000;NA;4
2000;NA;7
2000;NA;10
2000;NA;53
2000;NA;13
2000;NA;9
2000;NA;1
2000;NA;18
2000;NA;10
2000;NA;11
2000;NA;1
2000;NA;6
2000;NA;16
2000;NA;8
2000;NA;5
2000;NA;39
2000;NA;7
2000;NA;6
2000;NA;1
2000;NA;9
2000;NA;3
2000;NA;25
2000;NA;14
2000;NA;10
2000;NA;12
2000;NA;7
2000;NA;4
2000;NA;10
2000;NA;7
2000;NA;55
2000;NA;0
2000;NA;189
2000;NA;1
2000;NA;1
2000;NA;0
2000;NA;2
2000;NA;9
2000;NA;60
2000;NA;26
2000;NA;29
2000;NA;3
2000;NA;81
2000;NA;20
2000;NA;9
2000;NA;6
2000;NA;46
2000;NA;11
2000;NA;2
2000;NA;2
2000;NA;17
2000;NA;6
2000;38;28
2000;38;6
2000;NA;13
2000;38;56
2000;38;8
2000;38;3
2000;38;18
2000;38;24
2000;38;5
2000;38;7
2000;38;9
2000;27;15
2000;27;4
2000;27;3
2000;27;140
2000;27;10
2000;27;5
2000;27;5
2000;NA;10
2000;NA;17
2000;27;13
2000;27;21
2000;NA;6
2000;NA;94
2000;NA;3
2000;NA;0
2000;NA;1
2000;NA;4
2000;NA;15
2000;NA;27
2000;NA;3
2000;22;3
2000;22;3
2000;22;40
2000;22;6
2000;22;15
2000;22;3
2000;NA;26
2000;NA;28
2000;NA;23
2000;NA;23
2000;NA;5
2000;NA;1
2000;NA;16
2000;NA;0
2000;NA;1
2000;NA;0
2000;NA;4
2000;NA;3
2000;NA;32
2000;NA;10
2000;NA;14
2000;NA;50
2000;NA;3
2000;NA;18
2000;22;5
2000;22;5
2000;NA;9
2000;22;16
2000;22;66
2000;NA;3
2000;NA;5
2000;18;41
2000;18;0
2000;18;10
2000;202;2
2000;18;5
2000;NA;13
2000;NA;17
2000;NA;17
2000;NA;10
2000;NA;11
2000;NA;14
2000;NA;6
2000;NA;9
2000;NA;26
2000;NA;9
2000;NA;31
2000;NA;6
2000;NA;4
2000;NA;25
2000;NA;38
2000;NA;14
2000;NA;5
2000;NA;8
2000;NA;1
2000;NA;18
2000;NA;9
2000;NA;2
2000;NA;32
2000;NA;2
2000;NA;13
2000;NA;21
2000;NA;36
2000;NA;25
2000;NA;3
2000;NA;22
2000;NA;5
2000;NA;0
2000;NA;13
2000;NA;0
2000;NA;1
2000;202;0
2000;NA;34
2000;NA;7
2000;NA;8
2000;NA;28
2000;NA;4
2000;NA;5
2000;NA;9
2000;NA;4
2000;NA;2
2000;NA;1
2000;NA;15
2000;302;1
2000;302;0
2000;NA;16
2000;NA;10
2000;NA;2
2000;NA;14
2000;NA;2
2000;NA;10
2000;NA;17
2000;NA;13
2000;NA;3
2000;NA;1
2000;NA;55
2000;NA;1
2000;NA;10
2000;NA;12
2000;22;0
2000;NA;2
2000;NA;1
2000;NA;0
2000;NA;0
2000;NA;7
2000;NA;10
2000;NA;6
2000;NA;10
2000;NA;2
2000;NA;0
2000;NA;1
2000;NA;1
2000;NA;6
2000;NA;2
2000;NA;5
2000;NA;93
2000;NA;1
2000;NA;2
2000;302;11
2000;302;0
2000;NA;0
2000;NA;29
2000;NA;100
2000;302;3
2000;302;92
2000;302;26
2000;302;27
2000;302;79
2000;NA;1
2000;NA;9
2000;NA;2
2000;NA;0
2000;NA;2
2000;NA;1
2000;NA;1
2000;NA;1
2000;NA;1
2000;22;4
2000;17;20
2000;NA;0
2000;17;0
2000;17;0
2000;17;18
2000;17;0
2000;17;2
2000;NA;370
2000;NA;1
2000;NA;0
2000;NA;8
2000;NA;13
2000;NA;15
2000;NA;26
2000;NA;3
2000;NA;11
2000;NA;13
2000;NA;20
2000;NA;16
2000;NA;1
2000;NA;0
2000;NA;41
2000;NA;34
2000;NA;5
2000;NA;30
2000;NA;10
2000;202;114
2000;202;16
2000;202;30
2000;202;2
2000;202;11
2000;202;8
2000;NA;13
2000;18;2
2000;202;38
2000;NA;8
2000;NA;213
2000;NA;6
2000;NA;13
2000;NA;3
2000;NA;1
2000;NA;1
2000;NA;1
2000;18;3
2000;202;1
2000;202;16
2000;202;0
2000;202;14
2000;NA;6
2000;NA;52
2000;NA;21
2000;NA;5
2000;NA;14
2000;NA;8
2000;NA;2
2000;NA;13
2000;NA;7
2000;NA;7
2000;NA;88
2000;NA;103
2000;622;191
2000;622;82
2000;622;73
2000;622;105
2000;622;28
2000;622;107
2000;NA;0
2000;NA;1
2000;NA;0
2000;NA;6
2000;NA;16
2000;NA;36
2000;NA;22
2000;302;33
2000;302;8
2000;302;0
2000;302;11
2000;302;258
2000;302;78
2000;302;0
2000;302;12
2000;NA;3
2000;NA;14
2000;NA;139
2000;NA;21
2000;NA;0
2000;NA;32
2000;NA;3
2000;74;12
2000;74;4
2000;74;26
2000;74;10
2000;NA;33
2000;NA;2
2000;NA;1
2000;NA;38
2000;NA;28
2000;NA;1
2000;NA;14
2000;NA;27
2000;NA;48
2000;NA;3
2000;NA;22
2000;202;0
2000;622;165
2000;622;94
2000;622;201
2000;622;49
2000;622;151
2000;622;75
2000;622;103
2000;622;199
2000;622;411
2000;622;73
2000;NA;2
2000;NA;19
2000;NA;5
2000;622;98
2000;622;111
2000;NA;38
2000;NA;46
2000;NA;13
2000;NA;2
2000;NA;23
2000;NA;7
2000;52;1
2000;52;5
2000;NA;0
2000;NA;296
2000;52;171
2000;52;115
2000;52;573
2000;52;793
2000;52;137
2000;52;39
2000;52;41
2000;NA;22
2000;NA;26
2000;NA;106
2000;NA;84
2000;NA;23
2000;NA;6
2000;NA;22
2000;NA;70
2000;NA;23
2000;NA;9
2000;22;3
2000;22;45
2000;22;15
2000;22;28
2000;22;11
2000;22;23
2000;22;6
2000;22;21
2000;22;8
2000;22;6
2000;22;6
2000;22;5
2000;22;2
2000;22;0
2000;7;10
2000;NA;26
2000;7;71
2000;7;38
2000;7;33
2000;NA;4
2000;NA;9
2000;73;117
2000;73;33
2000;73;87
2000;41;93
2000;NA;42
2000;NA;35
2000;41;412
2000;41;44
2000;73;85
2000;73;209
2000;41;158
2000;NA;29
2000;41;51
2000;53;65
2000;NA;35
2000;53;96
2000;53;79
2000;53;31
2000;41;62
2000;41;148
2000;53;209
2000;41;51
2000;53;132
2000;53;110
2000;53;50
2000;53;61
2000;53;72
2000;53;145
2000;NA;159
2000;NA;30
2000;53;29
2000;53;105
2000;NA;1
2000;NA;171
2000;NA;29
2000;NA;5
2000;NA;5
2000;NA;6
2000;NA;0
2000;NA;6
2000;NA;2
2000;NA;32
2000;NA;1
2000;NA;4
2000;NA;114
2000;NA;104
2000;NA;94
2000;NA;78
2000;NA;39
2000;NA;65
2000;NA;18
2000;NA;15
2000;NA;50
2000;NA;61
2000;NA;25
2000;NA;20
2000;72;39
2000;72;70
2000;72;0
2000;72;171
2000;72;32
2000;72;9
2000;72;103
2000;72;0
2000;72;22
2000;72;22
2000;72;13
2000;72;0
2000;72;2
2000;72;31
2000;72;5
2000;72;134
2000;72;140
2000;72;6
2000;72;14
2000;72;12
2000;72;35
2000;72;141
2000;72;162
2000;72;99
2000;72;5
2000;72;82
2000;NA;30
2000;NA;19
2000;NA;10
2000;NA;2
2000;NA;43
2000;NA;42
2000;NA;19
2000;NA;6
2000;NA;8
2000;NA;29
2000;NA;1
2000;NA;18
2000;NA;9
2000;NA;11
2000;NA;6
2000;NA;23
2000;NA;14
2000;NA;77
2000;NA;262
2000;NA;124
2000;NA;169
2000;NA;21
2000;NA;34
2000;NA;232
2000;73;77
2000;73;130
2000;NA;15
2000;NA;2
2000;NA;16
2000;NA;4
2000;41;13
2000;18;0
2000;18;0
2000;18;27
2000;18;0
2000;18;71
2000;18;1
2000;18;0
2000;NA;333
2000;NA;115
2000;NA;1
2000;NA;164
2000;NA;42
2000;NA;8
2000;NA;26
2000;NA;21
2000;NA;14
2000;NA;1
2000;NA;1
2000;NA;7
2000;NA;0
2000;NA;3
2000;NA;3
2000;NA;0
2000;NA;5
2000;NA;50
2000;NA;38
2000;17;99
2000;17;50
2000;NA;21
2000;NA;69
2000;NA;21
2000;NA;2
2000;NA;20
2000;NA;1
2000;NA;23
2000;NA;3
2000;NA;4
2000;NA;1
2000;NA;4
2000;NA;2
2000;NA;5
2000;38;107
2000;72;0
2000;72;8
2000;72;54
2000;NA;0
2000;NA;2
2000;NA;2
2000;NA;9
2000;NA;10
2000;NA;42
2000;NA;12
2000;NA;0
2000;NA;0
2000;NA;8
2000;NA;0
2000;NA;22
2000;NA;37
2000;NA;22
2000;NA;45
2000;NA;79
2000;NA;3
2000;NA;11
2000;NA;2
2000;NA;3
2000;NA;3
2000;NA;3
2000;NA;0
2000;NA;1
2000;17;0
2000;NA;18
2000;17;7
2000;17;5
2000;17;112
2000;NA;27
2000;NA;77
2000;NA;1
2000;NA;18
2000;NA;26
2000;NA;86
2000;NA;15
2000;NA;111
2000;NA;1
2000;NA;0
2000;NA;3
2000;22;5
2000;22;7
2000;22;4
2000;22;65
2000;17;57
2000;22;54
2000;22;7
2000;22;95
2000;NA;7
2000;NA;8
2000;NA;6
2000;NA;26
2000;NA;13
2000;NA;13
2000;7;15
2000;7;11
2000;7;0
2000;NA;13
2000;NA;44
2000;NA;15
2000;NA;162
2000;NA;27
2000;NA;15
2000;NA;1
2000;NA;63
2000;22;21
2000;22;7
2000;22;72
2000;22;12
2000;17;9
2000;NA;465
2001;NA;74
2001;NA;3
2001;NA;14
2001;NA;NA
2001;NA;NA
2001;7;NA
2001;7;NA
2001;74;NA
2001;NA;NA
2001;NA;NA
2001;NA;NA
2001;NA;4
2001;NA;NA
2001;7;0
2001;7;26
2001;74;22
2001;74;NA
2001;74;NA
2001;74;11
2001;74;NA
2001;74;NA
2001;74;NA
2001;NA;NA
2001;NA;9
2001;NA;NA
2001;NA;NA
2001;NA;NA
2001;NA;51
2001;NA;NA
2001;NA;NA
2001;NA;NA
2001;NA;27
2001;NA;NA
2001;NA;NA
2001;NA;NA
2001;NA;NA
2001;NA;NA
2001;NA;NA
2001;NA;NA
2001;NA;6
2001;NA;NA
2001;NA;33
2001;NA;NA
2001;NA;40
2001;NA;NA
2001;NA;1
2001;NA;NA
2001;NA;NA
2001;NA;NA
2001;NA;35
2001;NA;NA
2001;NA;NA
2001;NA;NA
2001;NA;NA
2001;NA;NA
2001;NA;13
2001;74;NA
2001;74;7
2001;NA;NA
2001;NA;NA
2001;74;NA
2001;NA;NA
2001;NA;NA
2001;NA;NA
2001;NA;1
2001;NA;NA
2001;NA;3
2001;NA;NA
2001;NA;NA
2001;NA;NA
2001;NA;3
2001;NA;NA
2001;NA;0
2001;NA;4
2001;74;NA
2001;74;NA
2001;74;NA
2001;74;NA
2001;74;NA
2001;74;NA
2001;74;7
2001;NA;NA
2001;NA;NA
2001;NA;NA
2001;NA;NA
2001;74;NA
2001;74;NA
2001;74;NA
2001;74;NA
2001;74;NA
2001;NA;NA
2001;74;NA
2001;NA;NA
2001;NA;12
2001;74;17
2001;7;NA
2001;NA;NA
2001;74;NA
2001;74;NA
2001;74;136
2001;74;21
2001;74;111
2001;74;NA
2001;NA;NA
2001;NA;39
2001;NA;NA
2001;NA;NA
2001;NA;NA
2001;NA;NA
2001;NA;NA
2001;NA;NA
2001;74;NA
2001;74;NA
2001;74;NA
2001;74;12
2001;NA;NA
2001;NA;NA
2001;NA;NA
2001;NA;11
2001;NA;NA
2001;NA;NA
2001;NA;NA
2001;NA;NA
2001;NA;NA
2001;NA;NA
2001;NA;NA
2001;202;NA
2001;202;8
2001;202;5
2001;202;30
2001;202;NA
2001;202;3
2001;202;0
2001;NA;0
2001;NA;0
2001;NA;1
2001;NA;4
2001;202;2
2001;202;2
2001;18;7
2001;18;0
2001;NA;1
2001;NA;3
2001;NA;3
2001;NA;NA
2001;NA;1
2001;NA;NA
2001;NA;0
2001;NA;3
2001;NA;0
2001;NA;NA
2001;NA;NA
2001;NA;17
2001;NA;2
2001;74;54
2001;NA;NA
2001;NA;4
2001;NA;NA
2001;27;1
2001;NA;23
2001;NA;6
2001;NA;33
2001;NA;13
2001;NA;58
2001;NA;29
2001;NA;20
2001;NA;0
2001;NA;6
2001;NA;5
2001;27;4
2001;27;10
2001;NA;68
2001;NA;3
2001;NA;1
2001;7;22
2001;7;NA
2001;74;11
2001;74;123
2001;74;21
2001;74;NA
2001;74;9
2001;7;8
2001;7;2
2001;7;32
2001;NA;0
2001;NA;4
2001;NA;14
2001;NA;0
2001;NA;0
2001;NA;3
2001;NA;0
2001;NA;5
2001;NA;0
2001;NA;26
2001;NA;8
2001;NA;2
2001;NA;1
2001;NA;2
2001;NA;NA
2001;74;18
2001;74;NA
2001;74;NA
2001;74;NA
2001;NA;8
2001;NA;NA
2001;NA;NA
2001;NA;3
2001;52;NA
2001;7;16
2001;NA;9
2001;NA;13
2001;NA;NA
2001;NA;5
2001;74;33
2001;74;5
2001;74;25
2001;74;11
2001;NA;4
2001;NA;2
2001;NA;19
2001;NA;9
2001;NA;58
2001;NA;NA
2001;NA;22
2001;NA;50
2001;NA;0
2001;NA;0
2001;NA;12
2001;NA;1
2001;NA;29
2001;NA;2
2001;NA;NA
2001;NA;11
2001;NA;47
2001;NA;62
2001;NA;22
2001;NA;NA
2001;NA;26
2001;NA;NA
2001;NA;15
2001;NA;NA
2001;NA;NA
2001;NA;NA
2001;NA;8
2001;NA;9
2001;NA;NA
2001;NA;NA
2001;NA;NA
2001;NA;NA
2001;NA;NA
2001;NA;NA
2001;NA;30
2001;NA;17
2001;NA;NA
2001;NA;36
2001;NA;NA
2001;NA;19
2001;NA;NA
2001;NA;NA
2001;NA;10
2001;NA;NA
2001;NA;10
2001;NA;NA
2001;NA;106
2001;NA;6
2001;NA;210
2001;NA;40
2001;NA;NA
2001;NA;NA
2001;NA;NA
2001;NA;11
2001;NA;NA
2001;NA;6
2001;NA;NA
2001;NA;NA
2001;NA;8
2001;NA;NA
2001;NA;NA
2001;NA;NA
2001;NA;NA
2001;NA;NA
2001;NA;NA
2001;NA;NA
2001;NA;NA
2001;NA;53
2001;NA;54
2001;NA;NA
2001;NA;NA
2001;NA;30
2001;NA;NA
2001;NA;NA
2001;NA;NA
2001;NA;NA
2001;NA;NA
2001;NA;56
2001;NA;48
2001;NA;181
2001;NA;NA
2001;NA;62
2001;NA;NA
2001;NA;NA
2001;NA;NA
2001;NA;NA
2001;NA;24
2001;NA;NA
2001;NA;NA
2001;NA;NA
2001;NA;16
2001;NA;NA
2001;NA;29
2001;NA;12
2001;NA;NA
2001;NA;NA
2001;NA;NA
2001;NA;NA
2001;NA;15
2001;NA;41
2001;NA;21
2001;NA;NA
2001;NA;94
2001;NA;NA
2001;NA;NA
2001;NA;NA
2001;NA;30
2001;NA;NA
2001;NA;NA
2001;NA;NA
2001;NA;56
2001;NA;NA
2001;NA;11
2001;NA;NA
2001;NA;NA
2001;NA;NA
2001;NA;1
2001;NA;NA
2001;NA;NA
2001;NA;NA
2001;NA;22
2001;NA;0
2001;NA;NA
2001;NA;6
2001;NA;0
2001;NA;0
2001;NA;0
2001;NA;NA
2001;NA;NA
2001;NA;15
2001;NA;NA
2001;NA;NA
2001;NA;NA
2001;NA;0
2001;NA;35
2001;NA;NA
2001;NA;NA
2001;NA;27
2001;NA;NA
2001;NA;NA
2001;NA;NA
2001;NA;NA
2001;NA;NA
2001;NA;NA
2001;NA;7
2001;NA;NA
2001;NA;97
2001;NA;7
2001;NA;NA
2001;NA;0
2001;NA;0
2001;NA;38
2001;NA;0
2001;NA;NA
2001;NA;4
2001;NA;29
2001;NA;NA
2001;NA;NA
2001;NA;NA
2001;NA;8
2001;NA;NA
2001;NA;NA
2001;NA;NA
2001;NA;NA
2001;NA;NA
2001;NA;NA
2001;NA;NA
2001;NA;NA
2001;NA;37
2001;NA;NA
2001;NA;NA
2001;NA;NA
2001;NA;NA
2001;NA;NA
2001;NA;NA
2001;NA;NA
2001;NA;NA
2001;NA;NA
2001;NA;NA
2001;NA;6
2001;NA;NA
2001;NA;NA
2001;NA;NA
2001;NA;NA
2001;NA;NA
2001;NA;NA
2001;NA;0
2001;NA;NA
2001;NA;NA
2001;NA;NA
2001;NA;NA
2001;NA;NA
2001;NA;NA
2001;NA;0
2001;NA;NA
2001;NA;1
2001;NA;NA
2001;NA;NA
2001;NA;0
2001;NA;0
2001;NA;NA
2001;NA;NA
2001;NA;11
2001;NA;NA
2001;NA;NA
2001;NA;NA
2001;NA;NA
2001;NA;NA
2001;NA;NA
2001;NA;80
2001;NA;NA
2001;NA;NA
2001;NA;NA
2001;NA;NA
2001;NA;NA
2001;NA;NA
2001;NA;2
2001;NA;11
2001;NA;NA
2001;38;25
2001;38;45
2001;NA;2
2001;38;23
2001;38;7
2001;38;4
2001;38;0
2001;38;5
2001;38;0
2001;38;35
2001;38;3
2001;27;7
2001;27;2
2001;27;10
2001;27;0
2001;27;13
2001;27;12
2001;27;0
2001;NA;18
2001;NA;46
2001;27;1
2001;27;11
2001;NA;10
2001;NA;NA
2001;NA;NA
2001;NA;NA
2001;NA;0
2001;NA;24
2001;NA;NA
2001;NA;NA
2001;NA;4
2001;22;NA
2001;22;NA
2001;22;7
2001;22;4
2001;22;NA
2001;22;4
2001;NA;NA
2001;NA;NA
2001;NA;NA
2001;NA;NA
2001;NA;NA
2001;NA;NA
2001;NA;NA
2001;NA;NA
2001;NA;2
2001;NA;NA
2001;NA;1
2001;NA;0
2001;NA;15
2001;NA;8
2001;NA;NA
2001;NA;NA
2001;NA;1
2001;NA;NA
2001;22;0
2001;22;7
2001;NA;16
2001;22;NA
2001;22;NA
2001;NA;NA
2001;NA;NA
2001;18;35
2001;18;20
2001;18;NA
2001;202;0
2001;18;2
2001;NA;NA
2001;NA;NA
2001;NA;26
2001;NA;NA
2001;NA;NA
2001;NA;NA
2001;NA;0
2001;NA;NA
2001;NA;NA
2001;NA;8
2001;NA;21
2001;NA;NA
2001;NA;0
2001;NA;13
2001;NA;NA
2001;NA;0
2001;NA;NA
2001;NA;6
2001;NA;NA
2001;NA;NA
2001;NA;0
2001;NA;5
2001;NA;NA
2001;NA;0
2001;NA;NA
2001;NA;NA
2001;NA;NA
2001;NA;3
2001;NA;NA
2001;NA;3
2001;NA;NA
2001;NA;NA
2001;NA;0
2001;NA;0
2001;NA;NA
2001;202;NA
2001;NA;NA
2001;NA;NA
2001;NA;61
2001;NA;27
2001;NA;24
2001;NA;NA
2001;NA;NA
2001;NA;NA
2001;NA;0
2001;NA;3
2001;NA;12
2001;302;NA
2001;302;NA
2001;NA;NA
2001;NA;NA
2001;NA;NA
2001;NA;NA
2001;NA;NA
2001;NA;NA
2001;NA;NA
2001;NA;0
2001;NA;NA
2001;NA;0
2001;NA;0
2001;NA;0
2001;NA;4
2001;NA;0
2001;22;0
2001;NA;NA
2001;NA;NA
2001;NA;0
2001;NA;4
2001;NA;NA
2001;NA;NA
2001;NA;NA
2001;NA;20
2001;NA;1
2001;NA;5
2001;NA;52
2001;NA;15
2001;NA;8
2001;NA;51
2001;NA;11
2001;NA;NA
2001;NA;NA
2001;NA;NA
2001;302;0
2001;302;0
2001;NA;1
2001;NA;2
2001;NA;4
2001;302;11
2001;302;NA
2001;302;0
2001;302;54
2001;302;7
2001;NA;4
2001;NA;NA
2001;NA;NA
2001;NA;7
2001;NA;NA
2001;NA;NA
2001;NA;NA
2001;NA;0
2001;NA;NA
2001;22;10
2001;17;5
2001;NA;NA
2001;17;0
2001;17;NA
2001;17;0
2001;17;1
2001;17;0
2001;NA;55
2001;NA;0
2001;NA;0
2001;NA;0
2001;NA;NA
2001;NA;NA
2001;NA;2
2001;NA;0
2001;NA;NA
2001;NA;0
2001;NA;0
2001;NA;9
2001;NA;1
2001;NA;2
2001;NA;3
2001;NA;0
2001;NA;19
2001;NA;31
2001;NA;7
2001;202;NA
2001;202;0
2001;202;NA
2001;202;1
2001;202;1
2001;202;NA
2001;NA;5
2001;18;0
2001;202;4
2001;NA;16
2001;NA;40
2001;NA;NA
2001;NA;4
2001;NA;1
2001;NA;8
2001;NA;NA
2001;NA;NA
2001;18;12
2001;202;2
2001;202;0
2001;202;NA
2001;202;3
2001;NA;10
2001;NA;21
2001;NA;3
2001;NA;27
2001;NA;NA
2001;NA;1
2001;NA;NA
2001;NA;NA
2001;NA;0
2001;NA;NA
2001;NA;116
2001;NA;207
2001;622;157
2001;622;36
2001;622;68
2001;622;97
2001;622;NA
2001;622;105
2001;NA;0
2001;NA;NA
2001;NA;10
2001;NA;0
2001;NA;0
2001;NA;1
2001;NA;4
2001;302;NA
2001;302;NA
2001;302;NA
2001;302;NA
2001;302;5
2001;302;1
2001;302;0
2001;302;NA
2001;NA;NA
2001;NA;5
2001;NA;217
2001;NA;NA
2001;NA;0
2001;NA;NA
2001;NA;NA
2001;74;NA
2001;74;NA
2001;74;NA
2001;74;NA
2001;NA;32
2001;NA;0
2001;NA;0
2001;NA;46
2001;NA;NA
2001;NA;1
2001;NA;4
2001;NA;NA
2001;NA;NA
2001;NA;NA
2001;NA;NA
2001;202;NA
2001;622;296
2001;622;57
2001;622;79
2001;622;NA
2001;622;34
2001;622;561
2001;622;54
2001;622;41
2001;622;249
2001;622;7
2001;NA;8
2001;NA;7
2001;NA;NA
2001;622;NA
2001;622;NA
2001;NA;NA
2001;NA;NA
2001;NA;53
2001;NA;NA
2001;NA;NA
2001;NA;4
2001;52;7
2001;52;NA
2001;NA;1
2001;NA;NA
2001;52;NA
2001;52;NA
2001;52;NA
2001;52;NA
2001;52;NA
2001;52;NA
2001;52;NA
2001;NA;48
2001;NA;102
2001;NA;NA
2001;NA;NA
2001;NA;0
2001;NA;3
2001;NA;8
2001;NA;NA
2001;NA;4
2001;NA;NA
2001;22;NA
2001;22;NA
2001;22;NA
2001;22;NA
2001;22;43
2001;22;NA
2001;22;NA
2001;22;13
2001;22;NA
2001;22;NA
2001;22;NA
2001;22;1
2001;22;94
2001;22;0
2001;7;NA
2001;NA;NA
2001;7;51
2001;7;19
2001;7;14
2001;NA;3
2001;NA;6
2001;73;100
2001;73;3
2001;73;20
2001;41;41
2001;NA;20
2001;NA;NA
2001;41;174
2001;41;1
2001;73;7
2001;73;NA
2001;41;62
2001;NA;NA
2001;41;31
2001;53;NA
2001;NA;NA
2001;53;NA
2001;53;90
2001;53;NA
2001;41;23
2001;41;136
2001;53;48
2001;41;53
2001;53;83
2001;53;78
2001;53;80
2001;53;7
2001;53;63
2001;53;31
2001;NA;9
2001;NA;6
2001;53;87
2001;53;67
2001;NA;10
2001;NA;39
2001;NA;NA
2001;NA;NA
2001;NA;NA
2001;NA;NA
2001;NA;NA
2001;NA;NA
2001;NA;0
2001;NA;10
2001;NA;2
2001;NA;NA
2001;NA;59
2001;NA;NA
2001;NA;10
2001;NA;204
2001;NA;90
2001;NA;73
2001;NA;9
2001;NA;12
2001;NA;NA
2001;NA;NA
2001;NA;42
2001;NA;13
2001;72;NA
2001;72;NA
2001;72;NA
2001;72;NA
2001;72;NA
2001;72;NA
2001;72;NA
2001;72;NA
2001;72;NA
2001;72;NA
2001;72;NA
2001;72;NA
2001;72;NA
2001;72;NA
2001;72;NA
2001;72;NA
2001;72;NA
2001;72;NA
2001;72;NA
2001;72;NA
2001;72;NA
2001;72;NA
2001;72;NA
2001;72;NA
2001;72;NA
2001;72;NA
2001;NA;3
2001;NA;NA
2001;NA;4
2001;NA;NA
2001;NA;NA
2001;NA;NA
2001;NA;0
2001;NA;0
2001;NA;NA
2001;NA;NA
2001;NA;NA
2001;NA;NA
2001;NA;NA
2001;NA;45
2001;NA;6
2001;NA;NA
2001;NA;NA
2001;NA;23
2001;NA;508
2001;NA;7
2001;NA;232
2001;NA;17
2001;NA;NA
2001;NA;140
2001;73;56
2001;73;113
2001;NA;285
2001;NA;NA
2001;NA;NA
2001;NA;NA
2001;41;202
2001;18;0
2001;18;7
2001;18;0
2001;18;0
2001;18;8
2001;18;4
2001;18;NA
2001;NA;103
2001;NA;12
2001;NA;0
2001;NA;NA
2001;NA;NA
2001;NA;NA
2001;NA;NA
2001;NA;NA
2001;NA;NA
2001;NA;NA
2001;NA;NA
2001;NA;NA
2001;NA;NA
2001;NA;NA
2001;NA;NA
2001;NA;NA
2001;NA;NA
2001;NA;NA
2001;NA;13
2001;17;NA
2001;17;NA
2001;NA;7
2001;NA;9
2001;NA;28
2001;NA;10
2001;NA;27
2001;NA;1
2001;NA;8
2001;NA;2
2001;NA;0
2001;NA;0
2001;NA;0
2001;NA;0
2001;NA;42
2001;38;4
2001;72;NA
2001;72;NA
2001;72;NA
2001;NA;NA
2001;NA;NA
2001;NA;0
2001;NA;0
2001;NA;NA
2001;NA;20
2001;NA;90
2001;NA;1
2001;NA;2
2001;NA;6
2001;NA;3
2001;NA;103
2001;NA;NA
2001;NA;37
2001;NA;NA
2001;NA;54
2001;NA;53
2001;NA;NA
2001;NA;0
2001;NA;0
2001;NA;NA
2001;NA;NA
2001;NA;0
2001;NA;NA
2001;17;0
2001;NA;13
2001;17;NA
2001;17;NA
2001;17;0
2001;NA;10
2001;NA;NA
2001;NA;NA
2001;NA;NA
2001;NA;NA
2001;NA;NA
2001;NA;NA
2001;NA;61
2001;NA;NA
2001;NA;8
2001;NA;4
2001;22;0
2001;22;0
2001;22;NA
2001;22;11
2001;17;0
2001;22;NA
2001;22;NA
2001;22;0
2001;NA;NA
2001;NA;NA
2001;NA;NA
2001;NA;NA
2001;NA;NA
2001;NA;21
2001;7;59
2001;7;0
2001;7;0
2001;NA;NA
2001;NA;NA
2001;NA;NA
2001;NA;14
2001;NA;10
2001;NA;33
2001;NA;NA
2001;NA;NA
2001;22;1
2001;22;NA
2001;22;10
2001;22;0
2001;17;8
2001;NA;NA
2002;NA;32
2002;NA;2
2002;NA;12
2002;NA;11
2002;NA;3
2002;7;2
2002;7;16
2002;74;6
2002;NA;6
2002;NA;1
2002;NA;2
2002;NA;3
2002;NA;8
2002;7;0
2002;7;7
2002;74;1
2002;74;0
2002;74;6
2002;74;0
2002;74;0
2002;74;9
2002;74;32
2002;NA;4
2002;NA;64
2002;NA;14
2002;NA;30
2002;NA;16
2002;NA;4
2002;NA;15
2002;NA;4
2002;NA;25
2002;NA;2
2002;NA;13
2002;NA;1
2002;NA;17
2002;NA;34
2002;NA;28
2002;NA;25
2002;NA;58
2002;NA;83
2002;NA;7
2002;NA;0
2002;NA;7
2002;NA;2
2002;NA;5
2002;NA;0
2002;NA;13
2002;NA;14
2002;NA;4
2002;NA;10
2002;NA;24
2002;NA;14
2002;NA;2
2002;NA;0
2002;NA;2
2002;NA;25
2002;74;6
2002;74;2
2002;NA;11
2002;NA;5
2002;74;3
2002;NA;5
2002;NA;28
2002;NA;1
2002;NA;0
2002;NA;27
2002;NA;2
2002;NA;9
2002;NA;5
2002;NA;58
2002;NA;0
2002;NA;1
2002;NA;0
2002;NA;0
2002;74;0
2002;74;1
2002;74;5
2002;74;102
2002;74;44
2002;74;11
2002;74;21
2002;NA;4
2002;NA;3
2002;NA;1
2002;NA;3
2002;74;2
2002;74;34
2002;74;2
2002;74;1
2002;74;3
2002;NA;9
2002;74;9
2002;NA;15
2002;NA;0
2002;74;18
2002;7;7
2002;NA;5
2002;74;38
2002;74;23
2002;74;36
2002;74;4
2002;74;10
2002;74;1
2002;NA;7
2002;NA;4
2002;NA;0
2002;NA;0
2002;NA;2
2002;NA;3
2002;NA;16
2002;NA;3
2002;74;6
2002;74;17
2002;74;0
2002;74;10
2002;NA;4
2002;NA;117
2002;NA;7
2002;NA;2
2002;NA;15
2002;NA;4
2002;NA;41
2002;NA;17
2002;NA;6
2002;NA;6
2002;NA;6
2002;202;1
2002;202;1
2002;202;0
2002;202;0
2002;202;0
2002;202;0
2002;202;1
2002;NA;0
2002;NA;0
2002;NA;0
2002;NA;4
2002;202;2
2002;202;0
2002;18;0
2002;18;7
2002;NA;2
2002;NA;9
2002;NA;0
2002;NA;5
2002;NA;2
2002;NA;0
2002;NA;0
2002;NA;0
2002;NA;0
2002;NA;6
2002;NA;63
2002;NA;9
2002;NA;6
2002;74;0
2002;NA;1
2002;NA;2
2002;NA;3
2002;27;101
2002;NA;42
2002;NA;7
2002;NA;NA
2002;NA;3
2002;NA;16
2002;NA;3
2002;NA;3
2002;NA;0
2002;NA;5
2002;NA;92
2002;27;3
2002;27;8
2002;NA;11
2002;NA;2
2002;NA;1
2002;7;5
2002;7;5
2002;74;6
2002;74;17
2002;74;70
2002;74;0
2002;74;0
2002;7;2
2002;7;0
2002;7;10
2002;NA;0
2002;NA;1
2002;NA;0
2002;NA;0
2002;NA;0
2002;NA;5
2002;NA;0
2002;NA;360
2002;NA;0
2002;NA;4
2002;NA;7
2002;NA;0
2002;NA;0
2002;NA;29
2002;NA;1
2002;74;21
2002;74;21
2002;74;8
2002;74;0
2002;NA;0
2002;NA;2
2002;NA;5
2002;NA;12
2002;52;22
2002;7;54
2002;NA;0
2002;NA;7
2002;NA;2
2002;NA;13
2002;74;2
2002;74;20
2002;74;6
2002;74;13
2002;NA;0
2002;NA;0
2002;NA;12
2002;NA;3
2002;NA;98
2002;NA;56
2002;NA;35
2002;NA;13
2002;NA;48
2002;NA;13
2002;NA;41
2002;NA;20
2002;NA;25
2002;NA;6
2002;NA;0
2002;NA;40
2002;NA;3
2002;NA;10
2002;NA;11
2002;NA;3
2002;NA;25
2002;NA;8
2002;NA;3
2002;NA;0
2002;NA;0
2002;NA;2
2002;NA;9
2002;NA;5
2002;NA;12
2002;NA;61
2002;NA;14
2002;NA;31
2002;NA;22
2002;NA;49
2002;NA;22
2002;NA;14
2002;NA;37
2002;NA;12
2002;NA;6
2002;NA;4
2002;NA;2
2002;NA;14
2002;NA;1
2002;NA;0
2002;NA;52
2002;NA;16
2002;NA;41
2002;NA;0
2002;NA;129
2002;NA;14
2002;NA;26
2002;NA;0
2002;NA;0
2002;NA;16
2002;NA;11
2002;NA;5
2002;NA;0
2002;NA;7
2002;NA;0
2002;NA;11
2002;NA;2
2002;NA;6
2002;NA;0
2002;NA;10
2002;NA;2
2002;NA;3
2002;NA;0
2002;NA;8
2002;NA;11
2002;NA;25
2002;NA;21
2002;NA;19
2002;NA;9
2002;NA;7
2002;NA;13
2002;NA;62
2002;NA;20
2002;NA;10
2002;NA;26
2002;NA;90
2002;NA;7
2002;NA;19
2002;NA;8
2002;NA;4
2002;NA;5
2002;NA;5
2002;NA;26
2002;NA;6
2002;NA;4
2002;NA;3
2002;NA;11
2002;NA;8
2002;NA;14
2002;NA;7
2002;NA;20
2002;NA;4
2002;NA;2
2002;NA;1
2002;NA;4
2002;NA;7
2002;NA;5
2002;NA;2
2002;NA;34
2002;NA;5
2002;NA;8
2002;NA;21
2002;NA;24
2002;NA;7
2002;NA;30
2002;NA;1
2002;NA;37
2002;NA;30
2002;NA;7
2002;NA;2
2002;NA;11
2002;NA;19
2002;NA;9
2002;NA;69
2002;NA;10
2002;NA;3
2002;NA;15
2002;NA;13
2002;NA;20
2002;NA;6
2002;NA;0
2002;NA;5
2002;NA;1
2002;NA;0
2002;NA;2
2002;NA;6
2002;NA;10
2002;NA;1
2002;NA;3
2002;NA;3
2002;NA;6
2002;NA;4
2002;NA;0
2002;NA;8
2002;NA;29
2002;NA;19
2002;NA;8
2002;NA;3
2002;NA;0
2002;NA;0
2002;NA;4
2002;NA;6
2002;NA;1
2002;NA;0
2002;NA;0
2002;NA;0
2002;NA;0
2002;NA;0
2002;NA;0
2002;NA;0
2002;NA;1
2002;NA;4
2002;NA;5
2002;NA;8
2002;NA;32
2002;NA;0
2002;NA;1
2002;NA;7
2002;NA;1
2002;NA;3
2002;NA;0
2002;NA;4
2002;NA;16
2002;NA;24
2002;NA;2
2002;NA;12
2002;NA;37
2002;NA;27
2002;NA;31
2002;NA;1
2002;NA;17
2002;NA;0
2002;NA;0
2002;NA;8
2002;NA;0
2002;NA;39
2002;NA;19
2002;NA;10
2002;NA;5
2002;NA;1
2002;NA;NA
2002;NA;0
2002;NA;0
2002;NA;1
2002;NA;1
2002;NA;0
2002;NA;0
2002;NA;18
2002;NA;2
2002;NA;0
2002;NA;71
2002;NA;12
2002;NA;1
2002;NA;24
2002;NA;23
2002;NA;0
2002;NA;2
2002;NA;0
2002;NA;2
2002;NA;1
2002;NA;23
2002;NA;16
2002;NA;4
2002;NA;19
2002;NA;0
2002;NA;4
2002;NA;4
2002;NA;9
2002;NA;6
2002;NA;10
2002;NA;5
2002;NA;4
2002;NA;1
2002;NA;1
2002;NA;4
2002;38;0
2002;38;1
2002;NA;0
2002;38;3
2002;38;3
2002;38;17
2002;38;85
2002;38;16
2002;38;10
2002;38;153
2002;38;3
2002;27;3
2002;27;46
2002;27;9
2002;27;2
2002;27;7
2002;27;6
2002;27;1
2002;NA;42
2002;NA;3
2002;27;21
2002;27;15
2002;NA;20
2002;NA;0
2002;NA;0
2002;NA;0
2002;NA;0
2002;NA;1
2002;NA;1
2002;NA;111
2002;NA;0
2002;22;65
2002;22;27
2002;22;9
2002;22;2
2002;22;27
2002;22;19
2002;NA;18
2002;NA;6
2002;NA;0
2002;NA;0
2002;NA;0
2002;NA;0
2002;NA;0
2002;NA;0
2002;NA;0
2002;NA;0
2002;NA;0
2002;NA;0
2002;NA;0
2002;NA;1
2002;NA;5
2002;NA;0
2002;NA;0
2002;NA;35
2002;22;0
2002;22;3
2002;NA;18
2002;22;10
2002;22;7
2002;NA;4
2002;NA;3
2002;18;0
2002;18;0
2002;18;0
2002;202;6
2002;18;0
2002;NA;2
2002;NA;3
2002;NA;4
2002;NA;3
2002;NA;3
2002;NA;1
2002;NA;25
2002;NA;0
2002;NA;1
2002;NA;1
2002;NA;3
2002;NA;0
2002;NA;6
2002;NA;8
2002;NA;0
2002;NA;13
2002;NA;2
2002;NA;6
2002;NA;2
2002;NA;0
2002;NA;4
2002;NA;5
2002;NA;16
2002;NA;6
2002;NA;6
2002;NA;30
2002;NA;11
2002;NA;2
2002;NA;1
2002;NA;0
2002;NA;0
2002;NA;0
2002;NA;1
2002;NA;2
2002;NA;0
2002;202;0
2002;NA;NA
2002;NA;1
2002;NA;23
2002;NA;12
2002;NA;0
2002;NA;0
2002;NA;0
2002;NA;7
2002;NA;6
2002;NA;1
2002;NA;2
2002;302;5
2002;302;4
2002;NA;1
2002;NA;2
2002;NA;1
2002;NA;2
2002;NA;7
2002;NA;11
2002;NA;1
2002;NA;1
2002;NA;1
2002;NA;0
2002;NA;5
2002;NA;0
2002;NA;10
2002;NA;4
2002;22;1
2002;NA;14
2002;NA;2
2002;NA;2
2002;NA;10
2002;NA;NA
2002;NA;9
2002;NA;15
2002;NA;2
2002;NA;1
2002;NA;3
2002;NA;7
2002;NA;3
2002;NA;17
2002;NA;1
2002;NA;18
2002;NA;9
2002;NA;3
2002;NA;0
2002;302;1
2002;302;0
2002;NA;0
2002;NA;0
2002;NA;0
2002;302;0
2002;302;1
2002;302;0
2002;302;39
2002;302;500
2002;NA;0
2002;NA;2
2002;NA;4
2002;NA;12
2002;NA;0
2002;NA;0
2002;NA;0
2002;NA;1
2002;NA;0
2002;22;1
2002;17;3
2002;NA;0
2002;17;2
2002;17;1
2002;17;0
2002;17;0
2002;17;119
2002;NA;12
2002;NA;0
2002;NA;10
2002;NA;0
2002;NA;2
2002;NA;0
2002;NA;3
2002;NA;0
2002;NA;2
2002;NA;5
2002;NA;52
2002;NA;0
2002;NA;0
2002;NA;0
2002;NA;2
2002;NA;2
2002;NA;1
2002;NA;4
2002;NA;1
2002;202;3
2002;202;0
2002;202;0
2002;202;0
2002;202;0
2002;202;0
2002;NA;0
2002;18;0
2002;202;0
2002;NA;10
2002;NA;37
2002;NA;11
2002;NA;3
2002;NA;6
2002;NA;1
2002;NA;0
2002;NA;3
2002;18;18
2002;202;0
2002;202;1
2002;202;0
2002;202;0
2002;NA;26
2002;NA;42
2002;NA;17
2002;NA;6
2002;NA;3
2002;NA;11
2002;NA;0
2002;NA;3
2002;NA;1
2002;NA;4
2002;NA;77
2002;NA;64
2002;622;42
2002;622;113
2002;622;176
2002;622;2
2002;622;0
2002;622;18
2002;NA;0
2002;NA;1
2002;NA;1
2002;NA;8
2002;NA;10
2002;NA;24
2002;NA;23
2002;302;13
2002;302;2
2002;302;0
2002;302;0
2002;302;13
2002;302;0
2002;302;1
2002;302;0
2002;NA;0
2002;NA;3
2002;NA;2
2002;NA;47
2002;NA;0
2002;NA;5
2002;NA;13
2002;74;0
2002;74;9
2002;74;5
2002;74;3
2002;NA;13
2002;NA;6
2002;NA;2
2002;NA;3
2002;NA;8
2002;NA;15
2002;NA;62
2002;NA;NA
2002;NA;NA
2002;NA;1
2002;NA;3
2002;202;2
2002;622;381
2002;622;0
2002;622;2
2002;622;36
2002;622;48
2002;622;21
2002;622;309
2002;622;59
2002;622;123
2002;622;22
2002;NA;1
2002;NA;40
2002;NA;35
2002;622;22
2002;622;56
2002;NA;17
2002;NA;0
2002;NA;0
2002;NA;14
2002;NA;35
2002;NA;8
2002;52;41
2002;52;24
2002;NA;35
2002;NA;49
2002;52;51
2002;52;507
2002;52;99
2002;52;81
2002;52;27
2002;52;0
2002;52;28
2002;NA;13
2002;NA;6
2002;NA;249
2002;NA;10
2002;NA;7
2002;NA;0
2002;NA;5
2002;NA;161
2002;NA;13
2002;NA;0
2002;22;26
2002;22;9
2002;22;20
2002;22;57
2002;22;0
2002;22;4
2002;22;2
2002;22;3
2002;22;0
2002;22;4
2002;22;4
2002;22;3
2002;22;1
2002;22;0
2002;7;1
2002;NA;0
2002;7;10
2002;7;0
2002;7;142
2002;NA;9
2002;NA;23
2002;73;57
2002;73;28
2002;73;0
2002;41;3
2002;NA;7
2002;NA;0
2002;41;0
2002;41;23
2002;73;285
2002;73;1
2002;41;21
2002;NA;16
2002;41;268
2002;53;3
2002;NA;0
2002;53;38
2002;53;1
2002;53;5
2002;41;27
2002;41;47
2002;53;9
2002;41;89
2002;53;49
2002;53;186
2002;53;17
2002;53;17
2002;53;287
2002;53;81
2002;NA;86
2002;NA;17
2002;53;22
2002;53;241
2002;NA;7
2002;NA;0
2002;NA;25
2002;NA;9
2002;NA;48
2002;NA;0
2002;NA;2
2002;NA;2
2002;NA;184
2002;NA;4
2002;NA;0
2002;NA;2
2002;NA;13
2002;NA;22
2002;NA;2
2002;NA;18
2002;NA;23
2002;NA;9
2002;NA;5
2002;NA;10
2002;NA;27
2002;NA;98
2002;NA;1
2002;NA;33
2002;72;NA
2002;72;NA
2002;72;NA
2002;72;NA
2002;72;NA
2002;72;NA
2002;72;NA
2002;72;NA
2002;72;NA
2002;72;NA
2002;72;NA
2002;72;NA
2002;72;NA
2002;72;NA
2002;72;NA
2002;72;NA
2002;72;NA
2002;72;NA
2002;72;NA
2002;72;NA
2002;72;NA
2002;72;NA
2002;72;NA
2002;72;NA
2002;72;NA
2002;72;NA
2002;NA;0
2002;NA;0
2002;NA;77
2002;NA;42
2002;NA;26
2002;NA;60
2002;NA;1
2002;NA;2
2002;NA;3
2002;NA;1
2002;NA;10
2002;NA;17
2002;NA;12
2002;NA;0
2002;NA;7
2002;NA;161
2002;NA;4
2002;NA;71
2002;NA;97
2002;NA;77
2002;NA;1
2002;NA;24
2002;NA;0
2002;NA;6
2002;73;1
2002;73;5
2002;NA;35
2002;NA;0
2002;NA;0
2002;NA;0
2002;41;30
2002;18;0
2002;18;0
2002;18;2
2002;18;0
2002;18;5
2002;18;11
2002;18;0
2002;NA;24
2002;NA;86
2002;NA;1
2002;NA;5
2002;NA;0
2002;NA;10
2002;NA;30
2002;NA;36
2002;NA;NA
2002;NA;NA
2002;NA;NA
2002;NA;NA
2002;NA;18
2002;NA;NA
2002;NA;NA
2002;NA;NA
2002;NA;NA
2002;NA;21
2002;NA;1
2002;17;12
2002;17;4
2002;NA;11
2002;NA;33
2002;NA;1
2002;NA;0
2002;NA;64
2002;NA;3
2002;NA;14
2002;NA;1
2002;NA;3
2002;NA;0
2002;NA;0
2002;NA;0
2002;NA;2
2002;38;9
2002;72;NA
2002;72;NA
2002;72;NA
2002;NA;1
2002;NA;1
2002;NA;0
2002;NA;0
2002;NA;34
2002;NA;2
2002;NA;4
2002;NA;0
2002;NA;1
2002;NA;3
2002;NA;2
2002;NA;22
2002;NA;0
2002;NA;13
2002;NA;0
2002;NA;18
2002;NA;1
2002;NA;25
2002;NA;0
2002;NA;0
2002;NA;0
2002;NA;0
2002;NA;0
2002;NA;0
2002;17;0
2002;NA;5
2002;17;4
2002;17;0
2002;17;12
2002;NA;4
2002;NA;6
2002;NA;12
2002;NA;6
2002;NA;28
2002;NA;73
2002;NA;7
2002;NA;8
2002;NA;0
2002;NA;1
2002;NA;4
2002;22;0
2002;22;0
2002;22;0
2002;22;9
2002;17;0
2002;22;3
2002;22;3
2002;22;0
2002;NA;2
2002;NA;15
2002;NA;2
2002;NA;5
2002;NA;11
2002;NA;1
2002;7;23
2002;7;8
2002;7;0
2002;NA;1
2002;NA;20
2002;NA;3
2002;NA;13
2002;NA;0
2002;NA;4
2002;NA;4
2002;NA;5
2002;22;52
2002;22;0
2002;22;1
2002;22;NA
2002;17;12
2002;NA;1
2003;NA;56
2003;NA;1
2003;NA;27
2003;NA;18
2003;NA;10
2003;7;15
2003;7;19
2003;74;10
2003;NA;10
2003;NA;5
2003;NA;4
2003;NA;13
2003;NA;48
2003;7;0
2003;7;5
2003;74;35
2003;74;25
2003;74;88
2003;74;3
2003;74;24
2003;74;33
2003;74;5
2003;NA;10
2003;NA;20
2003;NA;11
2003;NA;24
2003;NA;77
2003;NA;12
2003;NA;26
2003;NA;6
2003;NA;16
2003;NA;0
2003;NA;54
2003;NA;1
2003;NA;2
2003;NA;23
2003;NA;39
2003;NA;27
2003;NA;3
2003;NA;7
2003;NA;53
2003;NA;3
2003;NA;6
2003;NA;6
2003;NA;10
2003;NA;1
2003;NA;77
2003;NA;15
2003;NA;4
2003;NA;7
2003;NA;3
2003;NA;28
2003;NA;5
2003;NA;40
2003;NA;5
2003;NA;NA
2003;74;10
2003;74;0
2003;NA;12
2003;NA;0
2003;74;9
2003;NA;90
2003;NA;118
2003;NA;6
2003;NA;5
2003;NA;0
2003;NA;5
2003;NA;9
2003;NA;1
2003;NA;26
2003;NA;3
2003;NA;0
2003;NA;0
2003;NA;1
2003;74;8
2003;74;14
2003;74;13
2003;74;3
2003;74;0
2003;74;42
2003;74;4
2003;NA;1
2003;NA;7
2003;NA;9
2003;NA;0
2003;74;21
2003;74;40
2003;74;13
2003;74;1
2003;74;0
2003;NA;1
2003;74;11
2003;NA;38
2003;NA;18
2003;74;58
2003;7;38
2003;NA;14
2003;74;45
2003;74;41
2003;74;6
2003;74;1
2003;74;10
2003;74;2
2003;NA;26
2003;NA;16
2003;NA;0
2003;NA;0
2003;NA;1
2003;NA;5
2003;NA;36
2003;NA;2
2003;74;6
2003;74;3
2003;74;10
2003;74;10
2003;NA;1
2003;NA;5
2003;NA;10
2003;NA;6
2003;NA;2
2003;NA;3
2003;NA;8
2003;NA;0
2003;NA;16
2003;NA;15
2003;NA;5
2003;202;7
2003;202;0
2003;202;8
2003;202;0
2003;202;0
2003;202;19
2003;202;22
2003;NA;0
2003;NA;1
2003;NA;5
2003;NA;10
2003;202;0
2003;202;165
2003;18;35
2003;18;0
2003;NA;28
2003;NA;50
2003;NA;8
2003;NA;34
2003;NA;3
2003;NA;0
2003;NA;17
2003;NA;5
2003;NA;0
2003;NA;0
2003;NA;1
2003;NA;0
2003;NA;13
2003;74;62
2003;NA;1
2003;NA;4
2003;NA;2
2003;27;0
2003;NA;31
2003;NA;17
2003;NA;15
2003;NA;9
2003;NA;6
2003;NA;28
2003;NA;1
2003;NA;0
2003;NA;0
2003;NA;0
2003;27;5
2003;27;9
2003;NA;42
2003;NA;21
2003;NA;1
2003;7;2
2003;7;5
2003;74;2
2003;74;22
2003;74;4
2003;74;12
2003;74;3
2003;7;32
2003;7;0
2003;7;19
2003;NA;41
2003;NA;0
2003;NA;1
2003;NA;6
2003;NA;34
2003;NA;7
2003;NA;0
2003;NA;3
2003;NA;0
2003;NA;14
2003;NA;17
2003;NA;0
2003;NA;3
2003;NA;0
2003;NA;0
2003;74;6
2003;74;4
2003;74;4
2003;74;2
2003;NA;7
2003;NA;10
2003;NA;3
2003;NA;11
2003;52;184
2003;7;36
2003;NA;25
2003;NA;38
2003;NA;NA
2003;NA;40
2003;74;1
2003;74;5
2003;74;0
2003;74;1
2003;NA;0
2003;NA;4
2003;NA;7
2003;NA;0
2003;NA;3
2003;NA;13
2003;NA;20
2003;NA;0
2003;NA;0
2003;NA;0
2003;NA;3
2003;NA;6
2003;NA;0
2003;NA;1
2003;NA;0
2003;NA;12
2003;NA;2
2003;NA;1
2003;NA;2
2003;NA;19
2003;NA;23
2003;NA;27
2003;NA;1
2003;NA;1
2003;NA;1
2003;NA;NA
2003;NA;4
2003;NA;44
2003;NA;5
2003;NA;10
2003;NA;19
2003;NA;44
2003;NA;13
2003;NA;17
2003;NA;144
2003;NA;21
2003;NA;30
2003;NA;9
2003;NA;11
2003;NA;0
2003;NA;9
2003;NA;0
2003;NA;5
2003;NA;6
2003;NA;0
2003;NA;8
2003;NA;2
2003;NA;0
2003;NA;34
2003;NA;2
2003;NA;0
2003;NA;6
2003;NA;2
2003;NA;5
2003;NA;6
2003;NA;0
2003;NA;0
2003;NA;0
2003;NA;1
2003;NA;3
2003;NA;0
2003;NA;0
2003;NA;0
2003;NA;0
2003;NA;0
2003;NA;108
2003;NA;4
2003;NA;1
2003;NA;23
2003;NA;45
2003;NA;69
2003;NA;75
2003;NA;15
2003;NA;20
2003;NA;36
2003;NA;79
2003;NA;41
2003;NA;25
2003;NA;18
2003;NA;10
2003;NA;123
2003;NA;89
2003;NA;20
2003;NA;21
2003;NA;36
2003;NA;0
2003;NA;23
2003;NA;5
2003;NA;9
2003;NA;252
2003;NA;10
2003;NA;6
2003;NA;50
2003;NA;5
2003;NA;18
2003;NA;7
2003;NA;19
2003;NA;7
2003;NA;19
2003;NA;31
2003;NA;8
2003;NA;0
2003;NA;6
2003;NA;7
2003;NA;19
2003;NA;41
2003;NA;24
2003;NA;56
2003;NA;7
2003;NA;72
2003;NA;52
2003;NA;36
2003;NA;16
2003;NA;1
2003;NA;27
2003;NA;40
2003;NA;8
2003;NA;19
2003;NA;0
2003;NA;5
2003;NA;10
2003;NA;5
2003;NA;18
2003;NA;10
2003;NA;4
2003;NA;0
2003;NA;0
2003;NA;0
2003;NA;5
2003;NA;33
2003;NA;5
2003;NA;22
2003;NA;1
2003;NA;0
2003;NA;28
2003;NA;0
2003;NA;0
2003;NA;2
2003;NA;14
2003;NA;5
2003;NA;4
2003;NA;6
2003;NA;0
2003;NA;9
2003;NA;13
2003;NA;11
2003;NA;72
2003;NA;8
2003;NA;0
2003;NA;0
2003;NA;0
2003;NA;9
2003;NA;22
2003;NA;0
2003;NA;4
2003;NA;0
2003;NA;2
2003;NA;41
2003;NA;22
2003;NA;NA
2003;NA;0
2003;NA;9
2003;NA;2
2003;NA;0
2003;NA;2
2003;NA;1
2003;NA;9
2003;NA;9
2003;NA;21
2003;NA;NA
2003;NA;45
2003;NA;4
2003;NA;9
2003;NA;5
2003;NA;2
2003;NA;0
2003;NA;0
2003;NA;17
2003;NA;30
2003;NA;2
2003;NA;41
2003;NA;6
2003;NA;0
2003;NA;13
2003;NA;2
2003;NA;0
2003;NA;0
2003;NA;1
2003;NA;0
2003;NA;2
2003;NA;3
2003;NA;2
2003;NA;10
2003;NA;7
2003;NA;2
2003;NA;16
2003;NA;0
2003;NA;0
2003;NA;19
2003;NA;19
2003;NA;2
2003;NA;0
2003;NA;19
2003;NA;3
2003;NA;11
2003;NA;88
2003;NA;11
2003;NA;74
2003;NA;0
2003;NA;1
2003;NA;5
2003;NA;8
2003;NA;0
2003;NA;1
2003;NA;0
2003;NA;0
2003;NA;0
2003;NA;2
2003;NA;1
2003;38;17
2003;38;1
2003;NA;4
2003;38;15
2003;38;20
2003;38;1
2003;38;0
2003;38;8
2003;38;1
2003;38;0
2003;38;15
2003;27;6
2003;27;7
2003;27;1
2003;27;0
2003;27;1
2003;27;0
2003;27;0
2003;NA;7
2003;NA;7
2003;27;23
2003;27;3
2003;NA;9
2003;NA;0
2003;NA;0
2003;NA;1
2003;NA;1
2003;NA;0
2003;NA;73
2003;NA;7
2003;NA;0
2003;22;21
2003;22;249
2003;22;64
2003;22;4
2003;22;28
2003;22;39
2003;NA;10
2003;NA;13
2003;NA;0
2003;NA;23
2003;NA;0
2003;NA;9
2003;NA;0
2003;NA;6
2003;NA;0
2003;NA;0
2003;NA;0
2003;NA;0
2003;NA;0
2003;NA;0
2003;NA;1
2003;NA;47
2003;NA;0
2003;NA;0
2003;22;11
2003;22;56
2003;NA;64
2003;22;13
2003;22;5
2003;NA;0
2003;NA;232
2003;18;11
2003;18;31
2003;18;NA
2003;202;0
2003;18;0
2003;NA;NA
2003;NA;3
2003;NA;2
2003;NA;8
2003;NA;NA
2003;NA;0
2003;NA;2
2003;NA;4
2003;NA;1
2003;NA;4
2003;NA;6
2003;NA;50
2003;NA;3
2003;NA;0
2003;NA;10
2003;NA;1
2003;NA;1
2003;NA;4
2003;NA;20
2003;NA;19
2003;NA;0
2003;NA;8
2003;NA;9
2003;NA;13
2003;NA;5
2003;NA;59
2003;NA;22
2003;NA;3
2003;NA;4
2003;NA;1
2003;NA;0
2003;NA;0
2003;NA;6
2003;NA;0
2003;NA;0
2003;202;0
2003;NA;NA
2003;NA;NA
2003;NA;68
2003;NA;38
2003;NA;17
2003;NA;0
2003;NA;0
2003;NA;3
2003;NA;6
2003;NA;2
2003;NA;0
2003;302;1
2003;302;1
2003;NA;7
2003;NA;1
2003;NA;0
2003;NA;3
2003;NA;0
2003;NA;1
2003;NA;0
2003;NA;0
2003;NA;0
2003;NA;3
2003;NA;2
2003;NA;0
2003;NA;0
2003;NA;3
2003;22;0
2003;NA;5
2003;NA;0
2003;NA;3
2003;NA;110
2003;NA;10
2003;NA;4
2003;NA;14
2003;NA;0
2003;NA;43
2003;NA;1
2003;NA;83
2003;NA;24
2003;NA;1
2003;NA;11
2003;NA;36
2003;NA;6
2003;NA;0
2003;NA;0
2003;302;0
2003;302;4
2003;NA;1
2003;NA;0
2003;NA;10
2003;302;1
2003;302;0
2003;302;1
2003;302;6
2003;302;1
2003;NA;5
2003;NA;0
2003;NA;0
2003;NA;0
2003;NA;3
2003;NA;0
2003;NA;0
2003;NA;0
2003;NA;26
2003;22;84
2003;17;6
2003;NA;0
2003;17;0
2003;17;0
2003;17;1
2003;17;0
2003;17;3
2003;NA;3
2003;NA;0
2003;NA;3
2003;NA;0
2003;NA;63
2003;NA;8
2003;NA;29
2003;NA;0
2003;NA;2
2003;NA;31
2003;NA;0
2003;NA;11
2003;NA;2
2003;NA;21
2003;NA;82
2003;NA;2
2003;NA;1
2003;NA;0
2003;NA;1
2003;202;15
2003;202;0
2003;202;5
2003;202;0
2003;202;0
2003;202;20
2003;NA;6
2003;18;0
2003;202;47
2003;NA;8
2003;NA;1
2003;NA;4
2003;NA;97
2003;NA;0
2003;NA;0
2003;NA;29
2003;NA;0
2003;18;0
2003;202;1
2003;202;0
2003;202;3
2003;202;0
2003;NA;1
2003;NA;3
2003;NA;38
2003;NA;61
2003;NA;2
2003;NA;2
2003;NA;6
2003;NA;15
2003;NA;10
2003;NA;0
2003;NA;35
2003;NA;40
2003;622;0
2003;622;19
2003;622;28
2003;622;6
2003;622;1
2003;622;9
2003;NA;0
2003;NA;0
2003;NA;0
2003;NA;1
2003;NA;89
2003;NA;2
2003;NA;15
2003;302;3
2003;302;0
2003;302;0
2003;302;0
2003;302;31
2003;302;0
2003;302;1
2003;302;2
2003;NA;2
2003;NA;20
2003;NA;14
2003;NA;0
2003;NA;0
2003;NA;2
2003;NA;73
2003;74;3
2003;74;5
2003;74;10
2003;74;21
2003;NA;4
2003;NA;5
2003;NA;0
2003;NA;6
2003;NA;37
2003;NA;0
2003;NA;13
2003;NA;NA
2003;NA;NA
2003;NA;7
2003;NA;12
2003;202;1
2003;622;137
2003;622;31
2003;622;7
2003;622;31
2003;622;5
2003;622;19
2003;622;7
2003;622;13
2003;622;69
2003;622;19
2003;NA;0
2003;NA;51
2003;NA;12
2003;622;18
2003;622;6
2003;NA;54
2003;NA;0
2003;NA;5
2003;NA;1
2003;NA;23
2003;NA;12
2003;52;11
2003;52;87
2003;NA;211
2003;NA;410
2003;52;75
2003;52;24
2003;52;227
2003;52;425
2003;52;229
2003;52;126
2003;52;23
2003;NA;53
2003;NA;107
2003;NA;88
2003;NA;46
2003;NA;146
2003;NA;0
2003;NA;0
2003;NA;12
2003;NA;9
2003;NA;3
2003;22;1
2003;22;31
2003;22;10
2003;22;11
2003;22;0
2003;22;1
2003;22;2
2003;22;13
2003;22;0
2003;22;0
2003;22;0
2003;22;0
2003;22;34
2003;22;4
2003;7;6
2003;NA;11
2003;7;62
2003;7;5
2003;7;16
2003;NA;5
2003;NA;6
2003;73;63
2003;73;29
2003;73;15
2003;41;15
2003;NA;65
2003;NA;156
2003;41;141
2003;41;22
2003;73;160
2003;73;53
2003;41;77
2003;NA;67
2003;41;13
2003;53;5
2003;NA;26
2003;53;1
2003;53;36
2003;53;23
2003;41;81
2003;41;98
2003;53;0
2003;41;23
2003;53;47
2003;53;30
2003;53;35
2003;53;66
2003;53;9
2003;53;40
2003;NA;63
2003;NA;8
2003;53;14
2003;53;66
2003;NA;0
2003;NA;26
2003;NA;10
2003;NA;3
2003;NA;0
2003;NA;0
2003;NA;0
2003;NA;16
2003;NA;3
2003;NA;0
2003;NA;0
2003;NA;6
2003;NA;0
2003;NA;5
2003;NA;8
2003;NA;18
2003;NA;2
2003;NA;17
2003;NA;0
2003;NA;2
2003;NA;0
2003;NA;2
2003;NA;25
2003;NA;8
2003;72;50
2003;72;1
2003;72;4
2003;72;1
2003;72;0
2003;72;0
2003;72;0
2003;72;5
2003;72;5
2003;72;17
2003;72;4
2003;72;0
2003;72;2
2003;72;8
2003;72;3
2003;72;25
2003;72;0
2003;72;1
2003;72;21
2003;72;7
2003;72;16
2003;72;11
2003;72;62
2003;72;0
2003;72;0
2003;72;19
2003;NA;4
2003;NA;1
2003;NA;8
2003;NA;3
2003;NA;1
2003;NA;12
2003;NA;0
2003;NA;0
2003;NA;0
2003;NA;7
2003;NA;17
2003;NA;0
2003;NA;21
2003;NA;1
2003;NA;18
2003;NA;2
2003;NA;1
2003;NA;1
2003;NA;97
2003;NA;0
2003;NA;96
2003;NA;4
2003;NA;2
2003;NA;NA
2003;73;52
2003;73;53
2003;NA;174
2003;NA;0
2003;NA;0
2003;NA;5
2003;41;7
2003;18;0
2003;18;170
2003;18;0
2003;18;0
2003;18;6
2003;18;0
2003;18;0
2003;NA;39
2003;NA;56
2003;NA;1
2003;NA;24
2003;NA;28
2003;NA;9
2003;NA;0
2003;NA;2
2003;NA;1
2003;NA;0
2003;NA;0
2003;NA;0
2003;NA;0
2003;NA;1
2003;NA;0
2003;NA;0
2003;NA;0
2003;NA;27
2003;NA;52
2003;17;20
2003;17;0
2003;NA;22
2003;NA;12
2003;NA;48
2003;NA;20
2003;NA;17
2003;NA;2
2003;NA;0
2003;NA;133
2003;NA;0
2003;NA;0
2003;NA;1
2003;NA;12
2003;NA;6
2003;38;12
2003;72;NA
2003;72;18
2003;72;0
2003;NA;2
2003;NA;5
2003;NA;10
2003;NA;14
2003;NA;12
2003;NA;21
2003;NA;7
2003;NA;0
2003;NA;3
2003;NA;1
2003;NA;0
2003;NA;5
2003;NA;52
2003;NA;4
2003;NA;14
2003;NA;39
2003;NA;7
2003;NA;0
2003;NA;1
2003;NA;0
2003;NA;0
2003;NA;NA
2003;NA;0
2003;NA;0
2003;17;0
2003;NA;6
2003;17;0
2003;17;0
2003;17;1
2003;NA;93
2003;NA;8
2003;NA;3
2003;NA;0
2003;NA;117
2003;NA;0
2003;NA;22
2003;NA;66
2003;NA;0
2003;NA;20
2003;NA;4
2003;22;0
2003;22;2
2003;22;7
2003;22;34
2003;17;0
2003;22;1
2003;22;0
2003;22;0
2003;NA;3
2003;NA;8
2003;NA;1
2003;NA;9
2003;NA;0
2003;NA;1
2003;7;66
2003;7;15
2003;7;0
2003;NA;7
2003;NA;1
2003;NA;7
2003;NA;0
2003;NA;35
2003;NA;55
2003;NA;11
2003;NA;26
2003;22;2
2003;22;0
2003;22;0
2003;22;0
2003;17;0
2003;NA;19
2004;NA;9
2004;NA;0
2004;NA;19
2004;NA;12
2004;NA;0
2004;7;0
2004;7;0
2004;74;64
2004;NA;0
2004;NA;4
2004;NA;0
2004;NA;0
2004;NA;0
2004;7;0
2004;7;3
2004;74;3
2004;74;0
2004;74;16
2004;74;0
2004;74;26
2004;74;2
2004;74;0
2004;NA;9
2004;NA;4
2004;NA;1
2004;NA;6
2004;NA;3
2004;NA;0
2004;NA;15
2004;NA;1
2004;NA;1
2004;NA;2
2004;NA;1
2004;NA;0
2004;NA;1
2004;NA;1
2004;NA;2
2004;NA;1
2004;NA;0
2004;NA;0
2004;NA;7
2004;NA;13
2004;NA;0
2004;NA;10
2004;NA;0
2004;NA;0
2004;NA;1
2004;NA;8
2004;NA;1
2004;NA;11
2004;NA;0
2004;NA;7
2004;NA;7
2004;NA;0
2004;NA;0
2004;NA;2
2004;74;0
2004;74;5
2004;NA;1
2004;NA;3
2004;74;0
2004;NA;0
2004;NA;1
2004;NA;0
2004;NA;4
2004;NA;0
2004;NA;1
2004;NA;8
2004;NA;33
2004;NA;4
2004;NA;1
2004;NA;0
2004;NA;0
2004;NA;1
2004;74;0
2004;74;0
2004;74;0
2004;74;0
2004;74;0
2004;74;4
2004;74;0
2004;NA;5
2004;NA;0
2004;NA;7
2004;NA;0
2004;74;1
2004;74;3
2004;74;1
2004;74;0
2004;74;2
2004;NA;0
2004;74;1
2004;NA;0
2004;NA;0
2004;74;0
2004;7;0
2004;NA;4
2004;74;23
2004;74;5
2004;74;8
2004;74;4
2004;74;2
2004;74;0
2004;NA;16
2004;NA;8
2004;NA;6
2004;NA;0
2004;NA;11
2004;NA;1
2004;NA;4
2004;NA;20
2004;74;9
2004;74;11
2004;74;13
2004;74;18
2004;NA;0
2004;NA;0
2004;NA;0
2004;NA;0
2004;NA;7
2004;NA;2
2004;NA;9
2004;NA;0
2004;NA;1
2004;NA;20
2004;NA;0
2004;202;105
2004;202;0
2004;202;2
2004;202;121
2004;202;0
2004;202;0
2004;202;3
2004;NA;0
2004;NA;0
2004;NA;0
2004;NA;8
2004;202;0
2004;202;43
2004;18;0
2004;18;0
2004;NA;0
2004;NA;0
2004;NA;1
2004;NA;2
2004;NA;0
2004;NA;0
2004;NA;1
2004;NA;0
2004;NA;1
2004;NA;0
2004;NA;15
2004;NA;0
2004;NA;3
2004;74;7
2004;NA;3
2004;NA;1
2004;NA;0
2004;27;0
2004;NA;5
2004;NA;23
2004;NA;39
2004;NA;0
2004;NA;3
2004;NA;4
2004;NA;1
2004;NA;0
2004;NA;2
2004;NA;1
2004;27;0
2004;27;24
2004;NA;83
2004;NA;0
2004;NA;0
2004;7;3
2004;7;14
2004;74;9
2004;74;7
2004;74;4
2004;74;0
2004;74;80
2004;7;0
2004;7;0
2004;7;15
2004;NA;0
2004;NA;0
2004;NA;0
2004;NA;0
2004;NA;0
2004;NA;3
2004;NA;0
2004;NA;0
2004;NA;0
2004;NA;0
2004;NA;0
2004;NA;4
2004;NA;1
2004;NA;0
2004;NA;0
2004;74;25
2004;74;1
2004;74;0
2004;74;13
2004;NA;4
2004;NA;0
2004;NA;1
2004;NA;6
2004;52;37
2004;7;0
2004;NA;0
2004;NA;8
2004;NA;0
2004;NA;33
2004;74;2
2004;74;0
2004;74;1
2004;74;1
2004;NA;0
2004;NA;0
2004;NA;0
2004;NA;3
2004;NA;12
2004;NA;6
2004;NA;10
2004;NA;30
2004;NA;13
2004;NA;0
2004;NA;21
2004;NA;9
2004;NA;3
2004;NA;1
2004;NA;0
2004;NA;13
2004;NA;23
2004;NA;36
2004;NA;3
2004;NA;9
2004;NA;9
2004;NA;23
2004;NA;1
2004;NA;38
2004;NA;1
2004;NA;0
2004;NA;0
2004;NA;13
2004;NA;8
2004;NA;0
2004;NA;5
2004;NA;1
2004;NA;6
2004;NA;0
2004;NA;2
2004;NA;0
2004;NA;2
2004;NA;0
2004;NA;6
2004;NA;21
2004;NA;0
2004;NA;1
2004;NA;4
2004;NA;67
2004;NA;14
2004;NA;27
2004;NA;52
2004;NA;0
2004;NA;73
2004;NA;117
2004;NA;0
2004;NA;64
2004;NA;7
2004;NA;26
2004;NA;24
2004;NA;0
2004;NA;8
2004;NA;26
2004;NA;0
2004;NA;26
2004;NA;0
2004;NA;0
2004;NA;0
2004;NA;1
2004;NA;53
2004;NA;6
2004;NA;2
2004;NA;6
2004;NA;53
2004;NA;18
2004;NA;54
2004;NA;6
2004;NA;4
2004;NA;5
2004;NA;2
2004;NA;36
2004;NA;21
2004;NA;31
2004;NA;24
2004;NA;1
2004;NA;13
2004;NA;2
2004;NA;4
2004;NA;18
2004;NA;9
2004;NA;7
2004;NA;94
2004;NA;3
2004;NA;2
2004;NA;13
2004;NA;23
2004;NA;0
2004;NA;13
2004;NA;5
2004;NA;18
2004;NA;1
2004;NA;3
2004;NA;7
2004;NA;5
2004;NA;10
2004;NA;11
2004;NA;0
2004;NA;1
2004;NA;0
2004;NA;0
2004;NA;0
2004;NA;4
2004;NA;1
2004;NA;2
2004;NA;3
2004;NA;2
2004;NA;0
2004;NA;1
2004;NA;1
2004;NA;1
2004;NA;0
2004;NA;0
2004;NA;4
2004;NA;6
2004;NA;18
2004;NA;0
2004;NA;1
2004;NA;7
2004;NA;33
2004;NA;0
2004;NA;0
2004;NA;19
2004;NA;2
2004;NA;0
2004;NA;0
2004;NA;19
2004;NA;1
2004;NA;21
2004;NA;0
2004;NA;1
2004;NA;4
2004;NA;11
2004;NA;0
2004;NA;2
2004;NA;6
2004;NA;16
2004;NA;2
2004;NA;1
2004;NA;4
2004;NA;0
2004;NA;3
2004;NA;7
2004;NA;1
2004;NA;0
2004;NA;NA
2004;NA;0
2004;NA;1
2004;NA;1
2004;NA;0
2004;NA;0
2004;NA;0
2004;NA;4
2004;NA;0
2004;NA;40
2004;NA;0
2004;NA;0
2004;NA;0
2004;NA;2
2004;NA;1
2004;NA;0
2004;NA;0
2004;NA;2
2004;NA;19
2004;NA;9
2004;NA;4
2004;NA;0
2004;NA;0
2004;NA;0
2004;NA;1
2004;NA;0
2004;NA;2
2004;NA;2
2004;NA;16
2004;NA;9
2004;NA;0
2004;NA;0
2004;NA;1
2004;NA;3
2004;NA;2
2004;NA;0
2004;NA;1
2004;NA;1
2004;NA;11
2004;NA;0
2004;NA;1
2004;NA;4
2004;NA;28
2004;NA;2
2004;NA;0
2004;NA;0
2004;NA;18
2004;NA;1
2004;NA;11
2004;NA;1
2004;NA;4
2004;NA;6
2004;NA;0
2004;NA;33
2004;NA;27
2004;NA;14
2004;NA;5
2004;NA;1
2004;NA;6
2004;NA;4
2004;NA;0
2004;NA;5
2004;NA;0
2004;NA;1
2004;NA;35
2004;NA;0
2004;NA;0
2004;NA;0
2004;NA;0
2004;NA;2
2004;38;11
2004;38;4
2004;NA;0
2004;38;56
2004;38;1
2004;38;5
2004;38;1
2004;38;0
2004;38;0
2004;38;12
2004;38;0
2004;27;1
2004;27;1
2004;27;0
2004;27;0
2004;27;1
2004;27;1
2004;27;0
2004;NA;10
2004;NA;21
2004;27;36
2004;27;10
2004;NA;0
2004;NA;0
2004;NA;2
2004;NA;27
2004;NA;5
2004;NA;9
2004;NA;24
2004;NA;3
2004;NA;0
2004;22;0
2004;22;0
2004;22;1
2004;22;3
2004;22;0
2004;22;0
2004;NA;0
2004;NA;9
2004;NA;0
2004;NA;2
2004;NA;0
2004;NA;56
2004;NA;0
2004;NA;0
2004;NA;0
2004;NA;0
2004;NA;1
2004;NA;0
2004;NA;0
2004;NA;0
2004;NA;0
2004;NA;6
2004;NA;0
2004;NA;5
2004;22;0
2004;22;0
2004;NA;1
2004;22;2
2004;22;0
2004;NA;0
2004;NA;0
2004;18;0
2004;18;55
2004;18;0
2004;202;0
2004;18;0
2004;NA;NA
2004;NA;1
2004;NA;5
2004;NA;3
2004;NA;0
2004;NA;0
2004;NA;1
2004;NA;0
2004;NA;5
2004;NA;5
2004;NA;1
2004;NA;2
2004;NA;0
2004;NA;6
2004;NA;8
2004;NA;0
2004;NA;3
2004;NA;4
2004;NA;0
2004;NA;8
2004;NA;0
2004;NA;3
2004;NA;4
2004;NA;14
2004;NA;0
2004;NA;16
2004;NA;4
2004;NA;7
2004;NA;0
2004;NA;4
2004;NA;1
2004;NA;0
2004;NA;0
2004;NA;0
2004;NA;1
2004;202;0
2004;NA;NA
2004;NA;1
2004;NA;0
2004;NA;0
2004;NA;3
2004;NA;8
2004;NA;0
2004;NA;2
2004;NA;3
2004;NA;0
2004;NA;0
2004;302;1
2004;302;0
2004;NA;0
2004;NA;0
2004;NA;0
2004;NA;0
2004;NA;0
2004;NA;0
2004;NA;0
2004;NA;0
2004;NA;1
2004;NA;0
2004;NA;0
2004;NA;0
2004;NA;23
2004;NA;0
2004;22;0
2004;NA;1
2004;NA;0
2004;NA;0
2004;NA;0
2004;NA;0
2004;NA;12
2004;NA;5
2004;NA;1
2004;NA;0
2004;NA;1
2004;NA;67
2004;NA;1
2004;NA;37
2004;NA;1
2004;NA;1
2004;NA;1
2004;NA;0
2004;NA;8
2004;302;0
2004;302;0
2004;NA;1
2004;NA;2
2004;NA;0
2004;302;0
2004;302;NA
2004;302;NA
2004;302;19
2004;302;0
2004;NA;0
2004;NA;0
2004;NA;0
2004;NA;0
2004;NA;9
2004;NA;0
2004;NA;0
2004;NA;0
2004;NA;0
2004;22;1
2004;17;16
2004;NA;0
2004;17;0
2004;17;0
2004;17;0
2004;17;0
2004;17;0
2004;NA;0
2004;NA;0
2004;NA;0
2004;NA;0
2004;NA;0
2004;NA;2
2004;NA;0
2004;NA;0
2004;NA;0
2004;NA;15
2004;NA;0
2004;NA;0
2004;NA;0
2004;NA;0
2004;NA;0
2004;NA;0
2004;NA;0
2004;NA;0
2004;NA;0
2004;202;0
2004;202;0
2004;202;113
2004;202;26
2004;202;0
2004;202;0
2004;NA;0
2004;18;0
2004;202;121
2004;NA;0
2004;NA;0
2004;NA;1
2004;NA;0
2004;NA;0
2004;NA;6
2004;NA;0
2004;NA;5
2004;18;2
2004;202;1
2004;202;0
2004;202;4
2004;202;0
2004;NA;5
2004;NA;28
2004;NA;0
2004;NA;4
2004;NA;7
2004;NA;0
2004;NA;3
2004;NA;2
2004;NA;0
2004;NA;2
2004;NA;0
2004;NA;23
2004;622;45
2004;622;11
2004;622;0
2004;622;3
2004;622;0
2004;622;29
2004;NA;0
2004;NA;0
2004;NA;9
2004;NA;0
2004;NA;0
2004;NA;10
2004;NA;31
2004;302;2
2004;302;0
2004;302;0
2004;302;0
2004;302;36
2004;302;0
2004;302;0
2004;302;0
2004;NA;0
2004;NA;0
2004;NA;21
2004;NA;0
2004;NA;0
2004;NA;4
2004;NA;0
2004;74;5
2004;74;4
2004;74;16
2004;74;0
2004;NA;2
2004;NA;0
2004;NA;0
2004;NA;0
2004;NA;5
2004;NA;0
2004;NA;3
2004;NA;NA
2004;NA;NA
2004;NA;18
2004;NA;18
2004;202;0
2004;622;0
2004;622;2
2004;622;0
2004;622;0
2004;622;10
2004;622;40
2004;622;1
2004;622;19
2004;622;8
2004;622;3
2004;NA;0
2004;NA;3
2004;NA;0
2004;622;1
2004;622;2
2004;NA;0
2004;NA;0
2004;NA;0
2004;NA;0
2004;NA;150
2004;NA;0
2004;52;1
2004;52;3
2004;NA;10
2004;NA;153
2004;52;0
2004;52;50
2004;52;41
2004;52;246
2004;52;1
2004;52;48
2004;52;273
2004;NA;100
2004;NA;26
2004;NA;3
2004;NA;3
2004;NA;5
2004;NA;0
2004;NA;0
2004;NA;3
2004;NA;17
2004;NA;4
2004;22;5
2004;22;11
2004;22;10
2004;22;50
2004;22;0
2004;22;0
2004;22;2
2004;22;0
2004;22;0
2004;22;0
2004;22;0
2004;22;0
2004;22;0
2004;22;0
2004;7;10
2004;NA;5
2004;7;3
2004;7;4
2004;7;103
2004;NA;9
2004;NA;18
2004;73;16
2004;73;6
2004;73;3
2004;41;25
2004;NA;17
2004;NA;0
2004;41;155
2004;41;68
2004;73;11
2004;73;69
2004;41;8
2004;NA;10
2004;41;55
2004;53;0
2004;NA;0
2004;53;74
2004;53;6
2004;53;33
2004;41;5
2004;41;30
2004;53;1
2004;41;3
2004;53;87
2004;53;17
2004;53;18
2004;53;8
2004;53;49
2004;53;36
2004;NA;18
2004;NA;16
2004;53;7
2004;53;111
2004;NA;12
2004;NA;0
2004;NA;17
2004;NA;0
2004;NA;7
2004;NA;0
2004;NA;0
2004;NA;12
2004;NA;1
2004;NA;0
2004;NA;0
2004;NA;0
2004;NA;0
2004;NA;7
2004;NA;4
2004;NA;5
2004;NA;15
2004;NA;49
2004;NA;31
2004;NA;19
2004;NA;0
2004;NA;25
2004;NA;51
2004;NA;22
2004;72;16
2004;72;0
2004;72;0
2004;72;40
2004;72;0
2004;72;1
2004;72;0
2004;72;1
2004;72;0
2004;72;22
2004;72;0
2004;72;4
2004;72;3
2004;72;2
2004;72;2
2004;72;14
2004;72;0
2004;72;1
2004;72;3
2004;72;1
2004;72;6
2004;72;0
2004;72;10
2004;72;0
2004;72;21
2004;72;0
2004;NA;0
2004;NA;0
2004;NA;5
2004;NA;3
2004;NA;0
2004;NA;31
2004;NA;6
2004;NA;0
2004;NA;19
2004;NA;3
2004;NA;16
2004;NA;5
2004;NA;17
2004;NA;34
2004;NA;2
2004;NA;2
2004;NA;23
2004;NA;8
2004;NA;94
2004;NA;0
2004;NA;179
2004;NA;3
2004;NA;0
2004;NA;20
2004;73;175
2004;73;29
2004;NA;41
2004;NA;0
2004;NA;0
2004;NA;0
2004;41;3
2004;18;0
2004;18;0
2004;18;7
2004;18;0
2004;18;0
2004;18;0
2004;18;0
2004;NA;56
2004;NA;36
2004;NA;19
2004;NA;13
2004;NA;0
2004;NA;1
2004;NA;6
2004;NA;49
2004;NA;0
2004;NA;0
2004;NA;0
2004;NA;3
2004;NA;0
2004;NA;0
2004;NA;0
2004;NA;0
2004;NA;0
2004;NA;85
2004;NA;112
2004;17;25
2004;17;0
2004;NA;15
2004;NA;0
2004;NA;4
2004;NA;12
2004;NA;43
2004;NA;0
2004;NA;0
2004;NA;2
2004;NA;0
2004;NA;0
2004;NA;4
2004;NA;3
2004;NA;11
2004;38;0
2004;72;0
2004;72;13
2004;72;9
2004;NA;0
2004;NA;0
2004;NA;2
2004;NA;3
2004;NA;1
2004;NA;32
2004;NA;1
2004;NA;0
2004;NA;0
2004;NA;0
2004;NA;5
2004;NA;11
2004;NA;32
2004;NA;14
2004;NA;1
2004;NA;37
2004;NA;6
2004;NA;0
2004;NA;0
2004;NA;0
2004;NA;1
2004;NA;NA
2004;NA;0
2004;NA;0
2004;17;0
2004;NA;0
2004;17;0
2004;17;0
2004;17;36
2004;NA;18
2004;NA;11
2004;NA;3
2004;NA;11
2004;NA;27
2004;NA;0
2004;NA;3
2004;NA;21
2004;NA;0
2004;NA;0
2004;NA;71
2004;22;0
2004;22;0
2004;22;0
2004;22;1
2004;17;0
2004;22;0
2004;22;0
2004;22;0
2004;NA;8
2004;NA;0
2004;NA;16
2004;NA;5
2004;NA;0
2004;NA;2
2004;7;3
2004;7;7
2004;7;0
2004;NA;0
2004;NA;29
2004;NA;0
2004;NA;0
2004;NA;3
2004;NA;4
2004;NA;5
2004;NA;50
2004;22;3
2004;22;0
2004;22;6
2004;22;0
2004;17;0
2004;NA;93
